iteration,num_selected,pseudo_error,remaining,test_acc
1,74,0.0,926,0.8274
2,240,0.008333333767950535,686,0.8582
3,86,0.03488372266292572,600,0.8723
